{
  "threshold": 0.41999995708465576,
  "youden_j": 0.36415371629823,
  "sensitivity": 0.6547950287516231,
  "specificity": 0.709358687546607,
  "reason": "optimized_youden_j_cv",
  "cv_n_splits": 3,
  "cv_thresholds": [
    0.4199999272823334,
    0.4199999272823334,
    0.4199999272823334
  ],
  "cv_holdout_youden_j_mean": 0.36415371629823007,
  "cv_holdout_youden_j_std": 0.006114374768424641,
  "fit_split": "train_val"
}