{
  "threshold": 0.4035220444202423,
  "youden_j": 0.3975476776481808,
  "sensitivity": 0.6501576701910592,
  "specificity": 0.7473900074571216,
  "reason": "optimized_youden_j_cv",
  "cv_n_splits": 3,
  "cv_thresholds": [
    0.3999999463558197,
    0.40999993681907654,
    0.3999999463558197
  ],
  "cv_holdout_youden_j_mean": 0.3939971416442269,
  "cv_holdout_youden_j_std": 0.0174742863206945,
  "fit_split": "train_val"
}