{
  "enabled": true,
  "method": "val",
  "default_threshold": 0.5,
  "min": 0.05,
  "max": 0.95,
  "step": 0.01,
  "cv_folds": 3,
  "task_thresholds": {
    "NR-AR": 0.8499998450279236,
    "NR-AR-LBD": 0.47999992966651917,
    "NR-AhR": 0.6599999070167542,
    "NR-Aromatase": 0.5099999308586121,
    "NR-ER": 0.6899998784065247,
    "NR-ER-LBD": 0.7399998903274536,
    "NR-PPAR-gamma": 0.46999990940093994,
    "SR-ARE": 0.4299999475479126,
    "SR-ATAD5": 0.6799998879432678,
    "SR-HSE": 0.6799998879432678,
    "SR-MMP": 0.6099998950958252,
    "SR-p53": 0.5399999022483826
  },
  "task_details": {
    "NR-AR": {
      "threshold": 0.8499998450279236,
      "youden_j": 0.5028134530303681,
      "sensitivity": 0.5161290322580645,
      "specificity": 0.9866844207723036,
      "reason": "optimized_youden_j",
      "n_valid": 782,
      "positive_rate": 0.03964194373401535
    },
    "NR-AR-LBD": {
      "threshold": 0.47999992966651917,
      "youden_j": 0.60221928665786,
      "sensitivity": 0.84,
      "specificity": 0.76221928665786,
      "reason": "optimized_youden_j",
      "n_valid": 782,
      "positive_rate": 0.0319693094629156
    },
    "NR-AhR": {
      "threshold": 0.6599999070167542,
      "youden_j": 0.37760688001323084,
      "sensitivity": 0.5632183908045977,
      "specificity": 0.814388489208633,
      "reason": "optimized_youden_j",
      "n_valid": 782,
      "positive_rate": 0.11125319693094629
    },
    "NR-Aromatase": {
      "threshold": 0.5099999308586121,
      "youden_j": 0.29525101763907746,
      "sensitivity": 0.8,
      "specificity": 0.49525101763907736,
      "reason": "optimized_youden_j",
      "n_valid": 782,
      "positive_rate": 0.05754475703324808
    },
    "NR-ER": {
      "threshold": 0.6899998784065247,
      "youden_j": 0.25150400754361146,
      "sensitivity": 0.30666666666666664,
      "specificity": 0.9448373408769448,
      "reason": "optimized_youden_j",
      "n_valid": 782,
      "positive_rate": 0.0959079283887468
    },
    "NR-ER-LBD": {
      "threshold": 0.7399998903274536,
      "youden_j": 0.40440536703759666,
      "sensitivity": 0.4827586206896552,
      "specificity": 0.9216467463479415,
      "reason": "optimized_youden_j",
      "n_valid": 782,
      "positive_rate": 0.0370843989769821
    },
    "NR-PPAR-gamma": {
      "threshold": 0.46999990940093994,
      "youden_j": 0.40908333333333324,
      "sensitivity": 0.84375,
      "specificity": 0.5653333333333334,
      "reason": "optimized_youden_j",
      "n_valid": 782,
      "positive_rate": 0.04092071611253197
    },
    "SR-ARE": {
      "threshold": 0.4299999475479126,
      "youden_j": 0.19688511778497264,
      "sensitivity": 0.8773584905660378,
      "specificity": 0.31952662721893493,
      "reason": "optimized_youden_j",
      "n_valid": 782,
      "positive_rate": 0.13554987212276215
    },
    "SR-ATAD5": {
      "threshold": 0.6799998879432678,
      "youden_j": 0.18309428188946253,
      "sensitivity": 0.3142857142857143,
      "specificity": 0.8688085676037484,
      "reason": "optimized_youden_j",
      "n_valid": 782,
      "positive_rate": 0.04475703324808184
    },
    "SR-HSE": {
      "threshold": 0.6799998879432678,
      "youden_j": 0.26816949987681693,
      "sensitivity": 0.4090909090909091,
      "specificity": 0.8590785907859079,
      "reason": "optimized_youden_j",
      "n_valid": 782,
      "positive_rate": 0.056265984654731455
    },
    "SR-MMP": {
      "threshold": 0.6099998950958252,
      "youden_j": 0.30926007975188297,
      "sensitivity": 0.7027027027027027,
      "specificity": 0.6065573770491803,
      "reason": "optimized_youden_j",
      "n_valid": 782,
      "positive_rate": 0.14194373401534527
    },
    "SR-p53": {
      "threshold": 0.5399999022483826,
      "youden_j": 0.23668081093823679,
      "sensitivity": 0.6666666666666666,
      "specificity": 0.57001414427157,
      "reason": "optimized_youden_j",
      "n_valid": 782,
      "positive_rate": 0.0959079283887468
    }
  }
}