{
  "enabled": true,
  "method": "val",
  "default_threshold": 0.5,
  "min": 0.05,
  "max": 0.95,
  "step": 0.01,
  "cv_folds": 3,
  "task_thresholds": {
    "NR-AR": 0.6999998688697815,
    "NR-AR-LBD": 0.28999996185302734,
    "NR-AhR": 0.5999999046325684,
    "NR-Aromatase": 0.5499998927116394,
    "NR-ER": 0.47999992966651917,
    "NR-ER-LBD": 0.619999885559082,
    "NR-PPAR-gamma": 0.3999999463558197,
    "SR-ARE": 0.4599999189376831,
    "SR-ATAD5": 0.3899999260902405,
    "SR-HSE": 0.5299999117851257,
    "SR-MMP": 0.5599998831748962,
    "SR-p53": 0.309999942779541
  },
  "task_details": {
    "NR-AR": {
      "threshold": 0.6999998688697815,
      "youden_j": 0.5961943215497616,
      "sensitivity": 0.6774193548387096,
      "specificity": 0.918774966711052,
      "reason": "optimized_youden_j",
      "n_valid": 782,
      "positive_rate": 0.03964194373401535
    },
    "NR-AR-LBD": {
      "threshold": 0.28999996185302734,
      "youden_j": 0.5752179656538972,
      "sensitivity": 0.92,
      "specificity": 0.655217965653897,
      "reason": "optimized_youden_j",
      "n_valid": 782,
      "positive_rate": 0.0319693094629156
    },
    "NR-AhR": {
      "threshold": 0.5999999046325684,
      "youden_j": 0.4579012651947407,
      "sensitivity": 0.7586206896551724,
      "specificity": 0.6992805755395683,
      "reason": "optimized_youden_j",
      "n_valid": 782,
      "positive_rate": 0.11125319693094629
    },
    "NR-Aromatase": {
      "threshold": 0.5499998927116394,
      "youden_j": 0.33101160862354906,
      "sensitivity": 0.6444444444444445,
      "specificity": 0.6865671641791045,
      "reason": "optimized_youden_j",
      "n_valid": 782,
      "positive_rate": 0.05754475703324808
    },
    "NR-ER": {
      "threshold": 0.47999992966651917,
      "youden_j": 0.26114097123998103,
      "sensitivity": 0.6133333333333333,
      "specificity": 0.6478076379066479,
      "reason": "optimized_youden_j",
      "n_valid": 782,
      "positive_rate": 0.0959079283887468
    },
    "NR-ER-LBD": {
      "threshold": 0.619999885559082,
      "youden_j": 0.44667307780372756,
      "sensitivity": 0.6551724137931034,
      "specificity": 0.7915006640106241,
      "reason": "optimized_youden_j",
      "n_valid": 782,
      "positive_rate": 0.0370843989769821
    },
    "NR-PPAR-gamma": {
      "threshold": 0.3999999463558197,
      "youden_j": 0.3324166666666666,
      "sensitivity": 0.59375,
      "specificity": 0.7386666666666667,
      "reason": "optimized_youden_j",
      "n_valid": 782,
      "positive_rate": 0.04092071611253197
    },
    "SR-ARE": {
      "threshold": 0.4599999189376831,
      "youden_j": 0.26043876297867596,
      "sensitivity": 0.7264150943396226,
      "specificity": 0.5340236686390533,
      "reason": "optimized_youden_j",
      "n_valid": 782,
      "positive_rate": 0.13554987212276215
    },
    "SR-ATAD5": {
      "threshold": 0.3899999260902405,
      "youden_j": 0.2652897303499713,
      "sensitivity": 0.5142857142857142,
      "specificity": 0.751004016064257,
      "reason": "optimized_youden_j",
      "n_valid": 782,
      "positive_rate": 0.04475703324808184
    },
    "SR-HSE": {
      "threshold": 0.5299999117851257,
      "youden_j": 0.3280364621828036,
      "sensitivity": 0.5909090909090909,
      "specificity": 0.7371273712737128,
      "reason": "optimized_youden_j",
      "n_valid": 782,
      "positive_rate": 0.056265984654731455
    },
    "SR-MMP": {
      "threshold": 0.5599998831748962,
      "youden_j": 0.3705643049905345,
      "sensitivity": 0.7297297297297297,
      "specificity": 0.6408345752608048,
      "reason": "optimized_youden_j",
      "n_valid": 782,
      "positive_rate": 0.14194373401534527
    },
    "SR-p53": {
      "threshold": 0.309999942779541,
      "youden_j": 0.2885808580858087,
      "sensitivity": 0.8133333333333334,
      "specificity": 0.4752475247524752,
      "reason": "optimized_youden_j",
      "n_valid": 782,
      "positive_rate": 0.0959079283887468
    }
  }
}