{
  "direction": "direction_1_tox21_clinical_proxy",
  "threshold": {
    "threshold": 0.5097496509552002,
    "youden_j": 0.7091822094691533,
    "sensitivity": 0.8823529411764706,
    "specificity": 0.8268292682926829,
    "reason": "optimized_youden_j_cv",
    "cv_n_splits": 3,
    "cv_thresholds": [
      0.49999991059303284,
      0.5099999308586121,
      0.5199999213218689
    ],
    "cv_holdout_youden_j_mean": 0.687948350071736,
    "cv_holdout_youden_j_std": 0.021094778917950426,
    "fit_split": "train_val"
  },
  "proxy": {
    "proxy_mode": "learned_lr_cv",
    "learned_impute_value": 0.5,
    "use_ecfp4_features": true,
    "ecfp_radius": 2,
    "ecfp_bits": 256,
    "lr_cv_folds": 5,
    "learned_val_auc": 0.7264437689969605,
    "learned_min_val_auc": 0.55,
    "learned_model": {
      "fit_reason": "logistic_regression_cv",
      "model_type": "logistic_regression",
      "cv_folds_effective": 5,
      "lr_regularization": "l2",
      "lr_c_grid": [
        0.01,
        0.03,
        0.1,
        0.3,
        1.0
      ],
      "lr_max_iter": 500,
      "intercept": -0.27374092210786355,
      "coefficients": {
        "NR-AR": -0.016377914748507964,
        "NR-AR-LBD": -0.0037500940059412863,
        "NR-AhR": 0.0039056853770850102,
        "NR-Aromatase": -0.01113753780704592,
        "NR-ER": -0.04682287185216066,
        "NR-ER-LBD": -0.024408994669575888,
        "NR-PPAR-gamma": -0.00877060564483579,
        "SR-ARE": -0.032926935165799885,
        "SR-ATAD5": 0.004837548463717154,
        "SR-HSE": -0.02124744217992951,
        "SR-MMP": -0.02730818607907556,
        "SR-p53": -0.004276763546332498
      }
    }
  },
  "config": {
    "model_dir": "/home/minhquang/tox-agent/models/tox21_gatv2_model",
    "config_path": "/home/minhquang/tox-agent/config/tox21_gatv2_config.yaml",
    "split_type": "scaffold",
    "seed": 42,
    "device": "cpu",
    "batch_size": 64,
    "threshold_calibration": "cv",
    "threshold_cv_folds": 3,
    "threshold_fit_split": "train_val"
  },
  "metrics": {
    "train": {
      "n_samples": 1184,
      "positive_rate": 0.08023648648648649,
      "auc_roc": 0.9333140012565849,
      "pr_auc": 0.587448444570227,
      "accuracy": 0.8369932432432432,
      "f1": 0.46831955922865015,
      "sensitivity": 0.8947368421052632,
      "specificity": 0.8319559228650137,
      "tn": 906,
      "fp": 183,
      "fn": 10,
      "tp": 85,
      "threshold": 0.5097496509552002,
      "n_parse_error": 0,
      "n_invalid_prob": 0,
      "mean_proxy_coverage": 1.0
    },
    "val": {
      "n_samples": 148,
      "positive_rate": 0.0472972972972973,
      "auc_roc": 0.7264437689969605,
      "pr_auc": 0.18133710281966098,
      "accuracy": 0.7837837837837838,
      "f1": 0.23809523809523808,
      "sensitivity": 0.7142857142857143,
      "specificity": 0.7872340425531915,
      "tn": 111,
      "fp": 30,
      "fn": 2,
      "tp": 5,
      "threshold": 0.5097496509552002,
      "n_parse_error": 0,
      "n_invalid_prob": 0,
      "mean_proxy_coverage": 1.0
    },
    "test": {
      "n_samples": 148,
      "positive_rate": 0.06756756756756757,
      "auc_roc": 0.7572463768115942,
      "pr_auc": 0.2955224937350821,
      "accuracy": 0.6959459459459459,
      "f1": 0.18181818181818182,
      "sensitivity": 0.5,
      "specificity": 0.7101449275362319,
      "tn": 98,
      "fp": 40,
      "fn": 5,
      "tp": 5,
      "threshold": 0.5097496509552002,
      "n_parse_error": 0,
      "n_invalid_prob": 0,
      "mean_proxy_coverage": 1.0
    }
  },
  "coverage": {
    "train": {
      "mean": 1.0,
      "std": 0.0,
      "min": 1.0,
      "p25": 1.0,
      "p50": 1.0,
      "p75": 1.0,
      "max": 1.0,
      "p_low_coverage_lt_0_8": 0.0,
      "p_low_coverage_lt_0_5": 0.0,
      "p_zero_coverage": 0.0
    },
    "val": {
      "mean": 1.0,
      "std": 0.0,
      "min": 1.0,
      "p25": 1.0,
      "p50": 1.0,
      "p75": 1.0,
      "max": 1.0,
      "p_low_coverage_lt_0_8": 0.0,
      "p_low_coverage_lt_0_5": 0.0,
      "p_zero_coverage": 0.0
    },
    "test": {
      "mean": 1.0,
      "std": 0.0,
      "min": 1.0,
      "p25": 1.0,
      "p50": 1.0,
      "p75": 1.0,
      "max": 1.0,
      "p_low_coverage_lt_0_8": 0.0,
      "p_low_coverage_lt_0_5": 0.0,
      "p_zero_coverage": 0.0
    }
  }
}