{
  "threshold": 0.2563091218471527,
  "youden_j": 0.9265901482544237,
  "sensitivity": 0.9509803921568627,
  "specificity": 0.975609756097561,
  "reason": "optimized_youden_j_cv",
  "cv_n_splits": 3,
  "cv_thresholds": [
    0.2099999636411667,
    0.2799999713897705,
    0.2799999713897705
  ],
  "cv_holdout_youden_j_mean": 0.9176470588235294,
  "cv_holdout_youden_j_std": 0.038329502612240045,
  "fit_split": "train_val"
}