{
  "threshold": 0.22340509295463562,
  "youden_j": 0.9061692969870876,
  "sensitivity": 0.9313725490196079,
  "specificity": 0.9747967479674797,
  "reason": "optimized_youden_j_cv",
  "cv_n_splits": 3,
  "cv_thresholds": [
    0.2099999636411667,
    0.2099999636411667,
    0.24999995529651642
  ],
  "cv_holdout_youden_j_mean": 0.8971783835485413,
  "cv_holdout_youden_j_std": 0.06013358849528689,
  "fit_split": "train_val"
}