{
  "enabled": true,
  "method": "val",
  "default_threshold": 0.5,
  "min": 0.05,
  "max": 0.95,
  "step": 0.01,
  "cv_folds": 3,
  "task_thresholds": {
    "NR-AR": 0.5799999237060547,
    "NR-AR-LBD": 0.40999993681907654,
    "NR-AhR": 0.619999885559082,
    "NR-Aromatase": 0.489999920129776,
    "NR-ER": 0.5199999213218689,
    "NR-ER-LBD": 0.8299998641014099,
    "NR-PPAR-gamma": 0.5199999213218689,
    "SR-ARE": 0.44999992847442627,
    "SR-ATAD5": 0.35999995470046997,
    "SR-HSE": 0.4299999475479126,
    "SR-MMP": 0.3999999463558197,
    "SR-p53": 0.5399999022483826
  },
  "task_details": {
    "NR-AR": {
      "threshold": 0.5799999237060547,
      "youden_j": 0.4684936214080151,
      "sensitivity": 0.5483870967741935,
      "specificity": 0.9201065246338216,
      "reason": "optimized_youden_j",
      "n_valid": 782,
      "positive_rate": 0.03964194373401535
    },
    "NR-AR-LBD": {
      "threshold": 0.40999993681907654,
      "youden_j": 0.582774108322325,
      "sensitivity": 0.88,
      "specificity": 0.702774108322325,
      "reason": "optimized_youden_j",
      "n_valid": 782,
      "positive_rate": 0.0319693094629156
    },
    "NR-AhR": {
      "threshold": 0.619999885559082,
      "youden_j": 0.4823451583560736,
      "sensitivity": 0.7701149425287356,
      "specificity": 0.7122302158273381,
      "reason": "optimized_youden_j",
      "n_valid": 782,
      "positive_rate": 0.11125319693094629
    },
    "NR-Aromatase": {
      "threshold": 0.489999920129776,
      "youden_j": 0.23823307703904728,
      "sensitivity": 0.6222222222222222,
      "specificity": 0.6160108548168249,
      "reason": "optimized_youden_j",
      "n_valid": 782,
      "positive_rate": 0.05754475703324808
    },
    "NR-ER": {
      "threshold": 0.5199999213218689,
      "youden_j": 0.24437529467232433,
      "sensitivity": 0.5866666666666667,
      "specificity": 0.6577086280056577,
      "reason": "optimized_youden_j",
      "n_valid": 782,
      "positive_rate": 0.0959079283887468
    },
    "NR-ER-LBD": {
      "threshold": 0.8299998641014099,
      "youden_j": 0.37395246599807663,
      "sensitivity": 0.41379310344827586,
      "specificity": 0.9601593625498008,
      "reason": "optimized_youden_j",
      "n_valid": 782,
      "positive_rate": 0.0370843989769821
    },
    "NR-PPAR-gamma": {
      "threshold": 0.5199999213218689,
      "youden_j": 0.43741666666666656,
      "sensitivity": 0.71875,
      "specificity": 0.7186666666666667,
      "reason": "optimized_youden_j",
      "n_valid": 782,
      "positive_rate": 0.04092071611253197
    },
    "SR-ARE": {
      "threshold": 0.44999992847442627,
      "youden_j": 0.25619627107290377,
      "sensitivity": 0.7547169811320755,
      "specificity": 0.5014792899408284,
      "reason": "optimized_youden_j",
      "n_valid": 782,
      "positive_rate": 0.13554987212276215
    },
    "SR-ATAD5": {
      "threshold": 0.35999995470046997,
      "youden_j": 0.21269841269841283,
      "sensitivity": 0.6571428571428571,
      "specificity": 0.5555555555555556,
      "reason": "optimized_youden_j",
      "n_valid": 782,
      "positive_rate": 0.04475703324808184
    },
    "SR-HSE": {
      "threshold": 0.4299999475479126,
      "youden_j": 0.19733924611973386,
      "sensitivity": 0.6363636363636364,
      "specificity": 0.5609756097560976,
      "reason": "optimized_youden_j",
      "n_valid": 782,
      "positive_rate": 0.056265984654731455
    },
    "SR-MMP": {
      "threshold": 0.3999999463558197,
      "youden_j": 0.3338435305648422,
      "sensitivity": 0.8018018018018018,
      "specificity": 0.5320417287630402,
      "reason": "optimized_youden_j",
      "n_valid": 782,
      "positive_rate": 0.14194373401534527
    },
    "SR-p53": {
      "threshold": 0.5399999022483826,
      "youden_j": 0.21912305516265906,
      "sensitivity": 0.56,
      "specificity": 0.6591230551626591,
      "reason": "optimized_youden_j",
      "n_valid": 782,
      "positive_rate": 0.0959079283887468
    }
  }
}