{
  "direction": "direction_1_tox21_clinical_proxy",
  "threshold": {
    "threshold": 0.22999995946884155,
    "youden_j": 0.20871327254305982,
    "sensitivity": 0.42857142857142855,
    "specificity": 0.7801418439716312,
    "reason": "optimized_youden_j_cv",
    "cv_n_splits": 5,
    "cv_thresholds": [
      0.22999995946884155,
      0.22999995946884155,
      0.22999995946884155,
      0.22999995946884155,
      0.25999996066093445
    ],
    "cv_holdout_youden_j_mean": -0.0064039408866994885,
    "cv_holdout_youden_j_std": 0.26255672413930703
  },
  "proxy": {
    "proxy_mode": "weighted",
    "task_weights": {
      "SR-p53": 0.3,
      "SR-MMP": 0.25,
      "SR-ARE": 0.2,
      "NR-AhR": 0.15,
      "SR-HSE": 0.1
    },
    "renormalize_missing": false,
    "missing_task_value": 0.5
  },
  "config": {
    "model_dir": "/home/minhquang/tox-agent/models/tox21_gatv2_model",
    "config_path": "/home/minhquang/tox-agent/config/tox21_gatv2_config.yaml",
    "split_type": "scaffold",
    "seed": 42,
    "device": "cpu",
    "batch_size": 64,
    "threshold_calibration": "cv",
    "threshold_cv_folds": 5
  },
  "metrics": {
    "train": {
      "n_samples": 1184,
      "positive_rate": 0.08023648648648649,
      "auc_roc": 0.6247450582378813,
      "pr_auc": 0.1180184192322628,
      "accuracy": 0.75,
      "f1": 0.16853932584269662,
      "sensitivity": 0.3157894736842105,
      "specificity": 0.7878787878787878,
      "tn": 858,
      "fp": 231,
      "fn": 65,
      "tp": 30,
      "threshold": 0.22999995946884155,
      "n_parse_error": 0,
      "n_invalid_prob": 0,
      "mean_proxy_coverage": 1.0
    },
    "val": {
      "n_samples": 148,
      "positive_rate": 0.0472972972972973,
      "auc_roc": 0.4741641337386018,
      "pr_auc": 0.09041250008317409,
      "accuracy": 0.7635135135135135,
      "f1": 0.14634146341463414,
      "sensitivity": 0.42857142857142855,
      "specificity": 0.7801418439716312,
      "tn": 110,
      "fp": 31,
      "fn": 4,
      "tp": 3,
      "threshold": 0.22999995946884155,
      "n_parse_error": 0,
      "n_invalid_prob": 0,
      "mean_proxy_coverage": 1.0
    },
    "test": {
      "n_samples": 148,
      "positive_rate": 0.06756756756756757,
      "auc_roc": 0.4492753623188406,
      "pr_auc": 0.06481699389738343,
      "accuracy": 0.5945945945945946,
      "f1": 0.0625,
      "sensitivity": 0.2,
      "specificity": 0.6231884057971014,
      "tn": 86,
      "fp": 52,
      "fn": 8,
      "tp": 2,
      "threshold": 0.22999995946884155,
      "n_parse_error": 0,
      "n_invalid_prob": 0,
      "mean_proxy_coverage": 1.0
    }
  },
  "coverage": {
    "train": {
      "mean": 1.0,
      "std": 0.0,
      "min": 1.0,
      "p25": 1.0,
      "p50": 1.0,
      "p75": 1.0,
      "max": 1.0,
      "p_low_coverage_lt_0_8": 0.0,
      "p_low_coverage_lt_0_5": 0.0,
      "p_zero_coverage": 0.0
    },
    "val": {
      "mean": 1.0,
      "std": 0.0,
      "min": 1.0,
      "p25": 1.0,
      "p50": 1.0,
      "p75": 1.0,
      "max": 1.0,
      "p_low_coverage_lt_0_8": 0.0,
      "p_low_coverage_lt_0_5": 0.0,
      "p_zero_coverage": 0.0
    },
    "test": {
      "mean": 1.0,
      "std": 0.0,
      "min": 1.0,
      "p25": 1.0,
      "p50": 1.0,
      "p75": 1.0,
      "max": 1.0,
      "p_low_coverage_lt_0_8": 0.0,
      "p_low_coverage_lt_0_5": 0.0,
      "p_zero_coverage": 0.0
    }
  }
}