{
  "direction": "direction_1_tox21_clinical_proxy",
  "threshold": {
    "threshold": 0.34999996423721313,
    "youden_j": 0.25531914893617014,
    "sensitivity": 1.0,
    "specificity": 0.2553191489361702,
    "reason": "optimized_youden_j_cv",
    "cv_n_splits": 5,
    "cv_thresholds": [
      0.34999996423721313,
      0.34999996423721313,
      0.3899999260902405,
      0.34999996423721313,
      0.34999996423721313
    ],
    "cv_holdout_youden_j_mean": 0.154679802955665,
    "cv_holdout_youden_j_std": 0.24192734609218253
  },
  "proxy": {
    "proxy_mode": "learned_lr_cv",
    "learned_impute_value": 0.5,
    "lr_cv_folds": 5,
    "learned_model": {
      "fit_reason": "logistic_regression_cv",
      "cv_folds_effective": 5,
      "intercept": 3.605612433076679,
      "coefficients": {
        "NR-AR": -21.720315926555315,
        "NR-AR-LBD": 19.621661675753398,
        "NR-AhR": 19.063753781325644,
        "NR-Aromatase": -3.2876598703876745,
        "NR-ER": -15.93421997315617,
        "NR-ER-LBD": 19.559072458274862,
        "NR-PPAR-gamma": 25.975955367816383,
        "SR-ARE": -32.174464907770776,
        "SR-ATAD5": -24.176328678153165,
        "SR-HSE": -33.01652711053085,
        "SR-MMP": 2.387303003323915,
        "SR-p53": 39.00383503143058
      }
    }
  },
  "config": {
    "model_dir": "/home/minhquang/tox-agent/models/tox21_gatv2_model",
    "config_path": "/home/minhquang/tox-agent/config/tox21_gatv2_config.yaml",
    "split_type": "scaffold",
    "seed": 42,
    "device": "cpu",
    "batch_size": 64,
    "threshold_calibration": "cv",
    "threshold_cv_folds": 5
  },
  "metrics": {
    "train": {
      "n_samples": 1184,
      "positive_rate": 0.08023648648648649,
      "auc_roc": 0.7135276207046541,
      "pr_auc": 0.16663704733678641,
      "accuracy": 0.40709459459459457,
      "f1": 0.19679633867276888,
      "sensitivity": 0.9052631578947369,
      "specificity": 0.36363636363636365,
      "tn": 396,
      "fp": 693,
      "fn": 9,
      "tp": 86,
      "threshold": 0.34999996423721313,
      "n_parse_error": 0,
      "n_invalid_prob": 0,
      "mean_proxy_coverage": 1.0
    },
    "val": {
      "n_samples": 148,
      "positive_rate": 0.0472972972972973,
      "auc_roc": 0.5460992907801419,
      "pr_auc": 0.0726928565298287,
      "accuracy": 0.2905405405405405,
      "f1": 0.11764705882352941,
      "sensitivity": 1.0,
      "specificity": 0.2553191489361702,
      "tn": 36,
      "fp": 105,
      "fn": 0,
      "tp": 7,
      "threshold": 0.34999996423721313,
      "n_parse_error": 0,
      "n_invalid_prob": 0,
      "mean_proxy_coverage": 1.0
    },
    "test": {
      "n_samples": 148,
      "positive_rate": 0.06756756756756757,
      "auc_roc": 0.5369565217391304,
      "pr_auc": 0.09242429164518925,
      "accuracy": 0.28378378378378377,
      "f1": 0.14516129032258066,
      "sensitivity": 0.9,
      "specificity": 0.2391304347826087,
      "tn": 33,
      "fp": 105,
      "fn": 1,
      "tp": 9,
      "threshold": 0.34999996423721313,
      "n_parse_error": 0,
      "n_invalid_prob": 0,
      "mean_proxy_coverage": 1.0
    }
  },
  "coverage": {
    "train": {
      "mean": 1.0,
      "std": 0.0,
      "min": 1.0,
      "p25": 1.0,
      "p50": 1.0,
      "p75": 1.0,
      "max": 1.0,
      "p_low_coverage_lt_0_8": 0.0,
      "p_low_coverage_lt_0_5": 0.0,
      "p_zero_coverage": 0.0
    },
    "val": {
      "mean": 1.0,
      "std": 0.0,
      "min": 1.0,
      "p25": 1.0,
      "p50": 1.0,
      "p75": 1.0,
      "max": 1.0,
      "p_low_coverage_lt_0_8": 0.0,
      "p_low_coverage_lt_0_5": 0.0,
      "p_zero_coverage": 0.0
    },
    "test": {
      "mean": 1.0,
      "std": 0.0,
      "min": 1.0,
      "p25": 1.0,
      "p50": 1.0,
      "p75": 1.0,
      "max": 1.0,
      "p_low_coverage_lt_0_8": 0.0,
      "p_low_coverage_lt_0_5": 0.0,
      "p_zero_coverage": 0.0
    }
  }
}