{
  "direction": "direction_1_tox21_clinical_proxy",
  "threshold": {
    "threshold": 0.16999997198581696,
    "youden_j": 0.1778574844571974,
    "sensitivity": 0.6274509803921569,
    "specificity": 0.5504065040650407,
    "reason": "optimized_youden_j_cv",
    "cv_n_splits": 3,
    "cv_thresholds": [
      0.22999995946884155,
      0.16999997198581696,
      0.15999998152256012
    ],
    "cv_holdout_youden_j_mean": 0.0746532759445242,
    "cv_holdout_youden_j_std": 0.09163152250787138,
    "fit_split": "train_val"
  },
  "proxy": {
    "proxy_mode": "weighted",
    "fallback_from": "learned_lr_cv",
    "fallback_reason": "low_validation_auc",
    "learned_val_auc": 0.5167173252279635,
    "learned_min_val_auc": 0.55,
    "task_weights": {
      "SR-p53": 0.3,
      "SR-MMP": 0.25,
      "SR-ARE": 0.2,
      "NR-AhR": 0.15,
      "SR-HSE": 0.1
    },
    "renormalize_missing": false,
    "missing_task_value": 0.5,
    "learned_model": {
      "fit_reason": "logistic_regression_cv",
      "model_type": "logistic_regression",
      "cv_folds_effective": 5,
      "lr_regularization": "l2",
      "lr_c_grid": [
        0.01,
        0.03,
        0.1,
        0.3,
        1.0
      ],
      "lr_max_iter": 500,
      "intercept": -0.9321002438253719,
      "coefficients": {
        "NR-AR": 1.107388408285828,
        "NR-AR-LBD": 1.0008135139819214,
        "NR-AhR": 2.8101707695950364,
        "NR-Aromatase": 0.2906041167515177,
        "NR-ER": -1.2870845011366814,
        "NR-ER-LBD": -1.4441648924825765,
        "NR-PPAR-gamma": 0.09491998884416138,
        "SR-ARE": 0.32858238173467846,
        "SR-ATAD5": 1.5470021945917392,
        "SR-HSE": -0.40060392861240157,
        "SR-MMP": -0.7264840592490562,
        "SR-p53": 2.445258370610373
      }
    }
  },
  "config": {
    "model_dir": "/home/minhquang/tox-agent/models/tox21_gatv2_model",
    "config_path": "/home/minhquang/tox-agent/config/tox21_gatv2_config.yaml",
    "split_type": "scaffold",
    "seed": 42,
    "device": "cpu",
    "batch_size": 64,
    "threshold_calibration": "cv",
    "threshold_cv_folds": 3,
    "threshold_fit_split": "train_val"
  },
  "metrics": {
    "train": {
      "n_samples": 1184,
      "positive_rate": 0.08023648648648649,
      "auc_roc": 0.6247450582378813,
      "pr_auc": 0.1180184192322628,
      "accuracy": 0.5709459459459459,
      "f1": 0.19365079365079366,
      "sensitivity": 0.6421052631578947,
      "specificity": 0.5647382920110193,
      "tn": 615,
      "fp": 474,
      "fn": 34,
      "tp": 61,
      "threshold": 0.16999997198581696,
      "n_parse_error": 0,
      "n_invalid_prob": 0,
      "mean_proxy_coverage": 1.0
    },
    "val": {
      "n_samples": 148,
      "positive_rate": 0.0472972972972973,
      "auc_roc": 0.4741641337386018,
      "pr_auc": 0.09041250008317409,
      "accuracy": 0.4391891891891892,
      "f1": 0.06741573033707865,
      "sensitivity": 0.42857142857142855,
      "specificity": 0.4397163120567376,
      "tn": 62,
      "fp": 79,
      "fn": 4,
      "tp": 3,
      "threshold": 0.16999997198581696,
      "n_parse_error": 0,
      "n_invalid_prob": 0,
      "mean_proxy_coverage": 1.0
    },
    "test": {
      "n_samples": 148,
      "positive_rate": 0.06756756756756757,
      "auc_roc": 0.4492753623188406,
      "pr_auc": 0.06481699389738343,
      "accuracy": 0.39864864864864863,
      "f1": 0.1188118811881188,
      "sensitivity": 0.6,
      "specificity": 0.38405797101449274,
      "tn": 53,
      "fp": 85,
      "fn": 4,
      "tp": 6,
      "threshold": 0.16999997198581696,
      "n_parse_error": 0,
      "n_invalid_prob": 0,
      "mean_proxy_coverage": 1.0
    }
  },
  "coverage": {
    "train": {
      "mean": 1.0,
      "std": 0.0,
      "min": 1.0,
      "p25": 1.0,
      "p50": 1.0,
      "p75": 1.0,
      "max": 1.0,
      "p_low_coverage_lt_0_8": 0.0,
      "p_low_coverage_lt_0_5": 0.0,
      "p_zero_coverage": 0.0
    },
    "val": {
      "mean": 1.0,
      "std": 0.0,
      "min": 1.0,
      "p25": 1.0,
      "p50": 1.0,
      "p75": 1.0,
      "max": 1.0,
      "p_low_coverage_lt_0_8": 0.0,
      "p_low_coverage_lt_0_5": 0.0,
      "p_zero_coverage": 0.0
    },
    "test": {
      "mean": 1.0,
      "std": 0.0,
      "min": 1.0,
      "p25": 1.0,
      "p50": 1.0,
      "p75": 1.0,
      "max": 1.0,
      "p_low_coverage_lt_0_8": 0.0,
      "p_low_coverage_lt_0_5": 0.0,
      "p_zero_coverage": 0.0
    }
  }
}